{
    "binning": [],
    "exposure time": [],
    "fov": [],
    "fps": [],
    "roi": [
        [
            {
                "angle": 0.0,
                "pos": [
                    600.8763920777126,
                    487.7702476866139
                ],
                "size": [
                    193.79748463553574,
                    130.17527841554255
                ]
            },
            {
                "angle": 0.0,
                "pos": [
                    685.7060003710369,
                    1350.204598668743
                ],
                "size": [
                    193.79748463553574,
                    130.17527841554255
                ]
            }
        ]
    ]
}